scenario_id,operation,route,measured,started_at,finished_at,duration_ms,first_byte_ms,status_code,expected_status,success,response_bytes,correlation_id,error_code
V05,PROCESS,GET /executions/{id},True,2026-09-17T12:19:50.879276+00:00,2026-09-17T12:19:50.979506+00:00,100.21181,99.954505,200,200,True,1645,22e5bdc8-7cc9-42da-a819-ef6495f6de7f,
V05,PROCESS,GET /imports/{id}/pipeline-summary,True,2026-09-17T12:19:50.979631+00:00,2026-09-17T12:19:51.020976+00:00,41.331425,41.069343,200,200,True,116,8ee4fa8f-e09b-46e4-8542-6296cca6b969,
V05,QUERY,search-workorder,True,2026-09-17T12:19:51.021121+00:00,2026-09-17T12:19:51.105932+00:00,84.798449,84.552469,200,200,True,516,f24d7e0c-b5a8-42a1-ba8b-60befa9703f7,
V05,QUERY,workorder-detail,True,2026-09-17T12:19:51.106010+00:00,2026-09-17T12:19:51.148371+00:00,42.346126,42.093827,200,200,True,648,72245379-b0d7-443f-9ae0-ca4a78c7bf4c,
V05,QUERY,lot-detail,True,2026-09-17T12:19:51.148442+00:00,2026-09-17T12:19:51.197369+00:00,48.9174,48.772815,200,200,True,422,1edfad01-3c93-4e11-bfe4-916c190d1daa,
V05,QUERY,serial-detail,True,2026-09-17T12:19:51.197427+00:00,2026-09-17T12:19:51.220291+00:00,22.855742,22.699295,200,200,True,222,79ec7c76-1fa0-4097-bd9c-6bd3828afa60,
V05,QUERY,pending-list,True,2026-09-17T12:19:51.220340+00:00,2026-09-17T12:19:51.254488+00:00,34.13935,33.937394,200,200,True,133,675c9f4c-b7f6-485c-a3bc-9d3f8d89fcec,
V05,QUERY,history-list,True,2026-09-17T12:19:51.254547+00:00,2026-09-17T12:19:51.304907+00:00,50.349217,50.13499,200,200,True,33069,a6fb4416-3acb-4013-a6e8-dcf0c5c1fae8,
V05,QUERY,consolidated,True,2026-09-17T12:19:51.304980+00:00,2026-09-17T12:19:51.417777+00:00,112.785484,112.450559,200,200,True,147021,915a7ca7-d2ca-48af-ac6b-98dad345ff8c,
V05,QUERY,indicators,True,2026-09-17T12:19:51.417830+00:00,2026-09-17T12:19:51.466150+00:00,48.310328,48.089529,200,200,True,499,f0e6588d-a1c7-4478-a537-c55fcf4f7a2d,
V05,REPORT,POST /reports (workorder_consolidated),True,2026-09-17T12:19:51.466269+00:00,2026-09-17T12:19:51.913315+00:00,447.035733,442.324966,201,201,True,2271917,07912964-cb6c-46f1-8835-4f728fae3195,
V05,EXPORT,GET /reports/version/export (workorder_consolidated/csv),True,2026-09-17T12:19:51.932682+00:00,2026-09-17T12:19:52.185875+00:00,253.170164,251.320231,200,200,True,1571085,ac66aea6-0c81-48fd-bc1a-368084c675e0,
V05,EXPORT,GET /reports/version/export (workorder_consolidated/json),True,2026-09-17T12:19:52.185936+00:00,2026-09-17T12:19:52.351815+00:00,165.870902,162.34268,200,200,True,3387229,616b1c80-1d52-4183-a1f4-2105cc2ce380,
V05,REPORT,POST /reports (oqc_summary),True,2026-09-17T12:19:52.351864+00:00,2026-09-17T12:19:55.014288+00:00,2662.418429,2572.562737,201,201,True,45335228,d9a5f1c9-c1d8-41c0-baa3-d22bba1a6123,
V05,EXPORT,GET /reports/version/export (oqc_summary/csv),True,2026-09-17T12:19:55.312639+00:00,2026-09-17T12:19:58.463407+00:00,3150.742098,3112.781523,200,200,True,34183808,b9bd7cb8-e42c-4c32-becd-cd5793b8ba26,
V05,EXPORT,GET /reports/version/export (oqc_summary/json),True,2026-09-17T12:19:58.463460+00:00,2026-09-17T12:19:59.992583+00:00,1529.117192,1447.833417,200,200,True,66174603,c57ba767-6fbe-4ecc-a831-f0a38293a246,
V05,ORACLE,GET /executions/{id},False,2026-09-17T12:20:02.974971+00:00,2026-09-17T12:20:03.034801+00:00,59.808603,59.634166,200,200,True,1645,18fab587-c40d-41e6-a71b-f148e78aea04,
V05,ORACLE,GET /executions/{id}/classifications,False,2026-09-17T12:20:03.034916+00:00,2026-09-17T12:20:03.248825+00:00,213.897035,212.817861,200,200,True,694169,28c93443-a882-45b0-9870-5c3017a4a9e8,
V05,ORACLE,GET /executions/{id}/classifications,False,2026-09-17T12:20:03.253321+00:00,2026-09-17T12:20:03.430391+00:00,177.051244,176.204774,200,200,True,694066,f5fa40c7-8935-4274-993f-c90a58ece74f,
V05,ORACLE,GET /executions/{id}/classifications,False,2026-09-17T12:20:03.434912+00:00,2026-09-17T12:20:03.629452+00:00,194.526082,193.576168,200,200,True,694259,1048ccb9-5a9a-4fe2-b189-cc8c1707e9e0,
V05,ORACLE,GET /executions/{id}/classifications,False,2026-09-17T12:20:03.633930+00:00,2026-09-17T12:20:03.971057+00:00,337.109257,335.906772,200,200,True,691881,1d071927-6ccf-4c11-9148-e4dbb47a396f,
V05,ORACLE,GET /executions/{id}/classifications,False,2026-09-17T12:20:03.976902+00:00,2026-09-17T12:20:04.303956+00:00,327.034822,326.148034,200,200,True,693880,52902d54-ddd4-42c7-9216-455b593b6e7a,
V05,ORACLE,GET /executions/{id}/classifications,False,2026-09-17T12:20:04.311175+00:00,2026-09-17T12:20:04.678849+00:00,367.650948,366.309508,200,200,True,692220,f439b7cd-c9fc-4ee3-a1fb-64b6fde04296,
V05,ORACLE,GET /executions/{id}/classifications,False,2026-09-17T12:20:04.686962+00:00,2026-09-17T12:20:05.018896+00:00,331.919538,331.064262,200,200,True,693627,7d756f03-315f-44df-9b57-e9e0c5ad7c04,
V05,ORACLE,GET /executions/{id}/classifications,False,2026-09-17T12:20:05.025207+00:00,2026-09-17T12:20:05.401394+00:00,376.166473,375.060453,200,200,True,693769,c885bd54-aba9-4d65-b323-992047db86b7,
V05,ORACLE,GET /executions/{id}/classifications,False,2026-09-17T12:20:05.412195+00:00,2026-09-17T12:20:05.779686+00:00,367.47085,366.668172,200,200,True,694498,6680af08-37ee-479a-ab52-29e0aa401ed7,
V05,ORACLE,GET /executions/{id}/classifications,False,2026-09-17T12:20:05.785799+00:00,2026-09-17T12:20:06.130790+00:00,344.977923,344.314619,200,200,True,693809,e001bacd-c80e-41f6-95a5-1222af57b25b,
V05,ORACLE,GET /executions/{id}/classifications,False,2026-09-17T12:20:06.135576+00:00,2026-09-17T12:20:06.482002+00:00,346.404156,345.342246,200,200,True,694274,290e009c-bad8-4fcf-9a9e-7cfc690dcab2,
V05,ORACLE,GET /executions/{id}/classifications,False,2026-09-17T12:20:06.489456+00:00,2026-09-17T12:20:06.858236+00:00,368.756842,367.862127,200,200,True,693425,203e2382-c50d-4126-840a-868b4818d1a6,
V05,ORACLE,GET /executions/{id}/classifications,False,2026-09-17T12:20:06.865790+00:00,2026-09-17T12:20:07.216025+00:00,350.211092,348.888492,200,200,True,693266,883d58eb-0f0d-45c4-b48c-b38fbe0c9705,
V05,ORACLE,GET /executions/{id}/classifications,False,2026-09-17T12:20:07.225086+00:00,2026-09-17T12:20:07.617520+00:00,392.411142,391.605181,200,200,True,694957,94055688-e89b-41e1-8151-db1da7afaca9,
V05,ORACLE,GET /executions/{id}/classifications,False,2026-09-17T12:20:07.623820+00:00,2026-09-17T12:20:07.959843+00:00,336.002209,334.688062,200,200,True,694369,b7815eaa-ee18-4868-a014-4cc418b5a3c7,
V05,ORACLE,GET /executions/{id}/classifications,False,2026-09-17T12:20:07.964570+00:00,2026-09-17T12:20:08.298759+00:00,334.171766,333.248381,200,200,True,693203,8601c87d-0445-483b-9f9d-3df9a5ad989a,
V05,ORACLE,GET /executions/{id}/classifications,False,2026-09-17T12:20:08.306871+00:00,2026-09-17T12:20:08.667889+00:00,361.003269,359.824082,200,200,True,692656,079343bb-e5f0-41d9-a523-5b60ec5e5a8e,
V05,ORACLE,GET /executions/{id}/classifications,False,2026-09-17T12:20:08.674287+00:00,2026-09-17T12:20:09.039854+00:00,365.546117,364.083177,200,200,True,693319,396c1bb6-5503-4263-bdea-273c5f80501d,
V05,ORACLE,GET /executions/{id}/classifications,False,2026-09-17T12:20:09.045597+00:00,2026-09-17T12:20:09.443214+00:00,397.596374,396.540885,200,200,True,693293,566153e4-0a59-4ba5-810f-0d2150d0e190,
V05,ORACLE,GET /executions/{id}/classifications,False,2026-09-17T12:20:09.447881+00:00,2026-09-17T12:20:09.839282+00:00,391.337517,390.256893,200,200,True,693993,3ccaf426-c7ba-4401-9ac7-ed4a1a0bee49,
V05,ORACLE,GET /executions/{id}/classifications,False,2026-09-17T12:20:09.855383+00:00,2026-09-17T12:20:10.228029+00:00,372.621134,371.447543,200,200,True,692297,3b71d6f3-c2cb-438f-8288-71df4836f86d,
V05,ORACLE,GET /executions/{id}/classifications,False,2026-09-17T12:20:10.232527+00:00,2026-09-17T12:20:10.645672+00:00,413.12289,411.586903,200,200,True,693693,b6f8c126-ab0c-41e3-9ec4-6bb8b4a1b67f,
V05,ORACLE,GET /executions/{id}/classifications,False,2026-09-17T12:20:10.652112+00:00,2026-09-17T12:20:11.025044+00:00,372.904085,371.891352,200,200,True,692643,3581508b-4556-4cdf-8407-831c8879ae4c,
V05,ORACLE,GET /executions/{id}/classifications,False,2026-09-17T12:20:11.029291+00:00,2026-09-17T12:20:11.393997+00:00,364.68713,363.567464,200,200,True,694404,5c64713f-2f65-49c8-abc0-7d7d7702349c,
V05,ORACLE,GET /executions/{id}/classifications,False,2026-09-17T12:20:11.400509+00:00,2026-09-17T12:20:11.736506+00:00,335.981627,335.30075,200,200,True,695144,cdd5e09d-11bf-4534-b7e2-41067939d341,
V05,ORACLE,GET /executions/{id}/classifications,False,2026-09-17T12:20:11.740724+00:00,2026-09-17T12:20:12.114077+00:00,373.341383,372.286736,200,200,True,695127,9bac16b5-d586-4dbb-a849-7fbf90c9ea3e,
V05,ORACLE,GET /executions/{id}/classifications,False,2026-09-17T12:20:12.121702+00:00,2026-09-17T12:20:12.499986+00:00,378.261793,377.375364,200,200,True,693114,9070fee3-6eb1-451c-aa5c-eab368f6985f,
V05,ORACLE,GET /executions/{id}/classifications,False,2026-09-17T12:20:12.504979+00:00,2026-09-17T12:20:12.892674+00:00,387.676841,386.695639,200,200,True,692229,12b090cd-41b0-426b-b637-f75d772426d7,
V05,ORACLE,GET /executions/{id}/classifications,False,2026-09-17T12:20:12.897031+00:00,2026-09-17T12:20:13.280753+00:00,383.708682,382.87969,200,200,True,693523,b840b001-5013-4c8d-9767-c5e992e440f8,
V05,ORACLE,GET /executions/{id}/classifications,False,2026-09-17T12:20:13.287131+00:00,2026-09-17T12:20:13.690999+00:00,403.849869,402.842542,200,200,True,693930,01d5fca1-e034-4181-a2fc-7e67b381daf7,
V05,ORACLE,GET /executions/{id}/classifications,False,2026-09-17T12:20:13.699166+00:00,2026-09-17T12:20:14.089543+00:00,390.347613,389.464441,200,200,True,691536,686b045a-300a-42ba-bf1e-3ce8f68a0f8c,
V05,ORACLE,GET /executions/{id}/classifications,False,2026-09-17T12:20:14.096574+00:00,2026-09-17T12:20:14.435061+00:00,338.467855,337.445571,200,200,True,695314,30bb620d-a77e-43d8-b75e-06ae7a6e03a1,
V05,ORACLE,GET /executions/{id}/classifications,False,2026-09-17T12:20:14.447075+00:00,2026-09-17T12:20:14.814597+00:00,367.500745,366.446941,200,200,True,693881,fa6344c4-7836-42f7-baca-f5240e35d01a,
V05,ORACLE,GET /executions/{id}/classifications,False,2026-09-17T12:20:14.821279+00:00,2026-09-17T12:20:15.218866+00:00,397.562609,396.645289,200,200,True,693732,791a19d5-5038-45e7-84b5-76bafd6219fb,
V05,ORACLE,GET /executions/{id}/classifications,False,2026-09-17T12:20:15.224089+00:00,2026-09-17T12:20:15.632887+00:00,408.782309,407.711383,200,200,True,693084,8ba6eb16-f21d-480c-a879-d2f35fc52967,
V05,ORACLE,GET /executions/{id}/classifications,False,2026-09-17T12:20:15.639542+00:00,2026-09-17T12:20:16.018866+00:00,379.300964,378.343262,200,200,True,693755,c322a8aa-a408-44e2-b871-51ff672df1b0,
V05,ORACLE,GET /executions/{id}/classifications,False,2026-09-17T12:20:16.025403+00:00,2026-09-17T12:20:16.413357+00:00,387.927246,387.007123,200,200,True,692178,84530cb6-f7d7-4bb9-86e1-8f7aee2a1358,
V05,ORACLE,GET /executions/{id}/classifications,False,2026-09-17T12:20:16.419301+00:00,2026-09-17T12:20:16.801064+00:00,381.745163,380.764224,200,200,True,694103,dacf0d1a-9f95-4059-afd2-a2a280f73f24,
V05,ORACLE,GET /executions/{id}/classifications,False,2026-09-17T12:20:16.807959+00:00,2026-09-17T12:20:17.209275+00:00,401.291234,400.651127,200,200,True,694240,f41efdcc-cd7b-40bc-886c-5e6dd4c6d786,
V05,ORACLE,GET /executions/{id}/classifications,False,2026-09-17T12:20:17.213685+00:00,2026-09-17T12:20:17.593297+00:00,379.600455,378.962902,200,200,True,694611,950344aa-0ee5-48f0-be9e-9945fd1fe936,
V05,ORACLE,GET /executions/{id}/classifications,False,2026-09-17T12:20:17.597498+00:00,2026-09-17T12:20:17.996263+00:00,398.751472,397.766482,200,200,True,693232,ff4a0f77-41aa-447e-aa93-bfa2577290f1,
V05,ORACLE,GET /executions/{id}/classifications,False,2026-09-17T12:20:18.003443+00:00,2026-09-17T12:20:18.390725+00:00,387.262146,386.40244,200,200,True,693561,b83ff972-a6d3-40de-a7f2-922d565a72d9,
V05,ORACLE,GET /executions/{id}/classifications,False,2026-09-17T12:20:18.401198+00:00,2026-09-17T12:20:18.794786+00:00,393.565159,392.692546,200,200,True,695921,159be6cb-b4c8-4ff8-9eec-f629d347213e,
V05,ORACLE,GET /executions/{id}/classifications,False,2026-09-17T12:20:18.801108+00:00,2026-09-17T12:20:19.218002+00:00,416.875419,416.236309,200,200,True,694764,674a2ca1-58cc-4427-b22d-b6da7ac4cf6f,
V05,ORACLE,GET /executions/{id}/classifications,False,2026-09-17T12:20:19.229680+00:00,2026-09-17T12:20:19.612648+00:00,382.951063,382.308411,200,200,True,694105,ff2068de-0980-45e6-a4f1-aa6e4f0c4422,
V05,ORACLE,GET /executions/{id}/classifications,False,2026-09-17T12:20:19.616474+00:00,2026-09-17T12:20:20.106064+00:00,489.577995,488.844148,200,200,True,693148,f9711097-0697-45ff-a124-940fdac187f7,
V05,ORACLE,GET /executions/{id}/classifications,False,2026-09-17T12:20:20.111575+00:00,2026-09-17T12:20:20.505217+00:00,393.620432,392.763906,200,200,True,693124,fdd75120-f8d5-4f23-b7be-5ee5526bf842,
V05,ORACLE,GET /executions/{id}/classifications,False,2026-09-17T12:20:20.511613+00:00,2026-09-17T12:20:20.897787+00:00,386.152357,385.442487,200,200,True,694830,99abada5-d64f-4d80-836d-9ff23ec62d39,
V05,ORACLE,GET /executions/{id}/classifications,False,2026-09-17T12:20:20.902149+00:00,2026-09-17T12:20:21.323372+00:00,421.206758,420.341488,200,200,True,694147,795000b9-87ee-45e8-b416-20c98c5b091c,
V05,ORACLE,GET /executions/{id}/classifications,False,2026-09-17T12:20:21.330716+00:00,2026-09-17T12:20:21.730510+00:00,399.776227,399.203543,200,200,True,693964,8914fd45-7e37-4f15-9119-53e3f7095306,
V05,ORACLE,GET /executions/{id}/classifications,False,2026-09-17T12:20:21.734754+00:00,2026-09-17T12:20:22.119610+00:00,384.845408,383.92746,200,200,True,695050,bc27a77a-096e-4b2f-91ec-e70a4bf28f72,
V05,ORACLE,GET /executions/{id}/classifications,False,2026-09-17T12:20:22.126524+00:00,2026-09-17T12:20:22.520722+00:00,394.181328,393.595787,200,200,True,695430,88d9c92e-1922-4727-b063-96c222f78dfb,
V05,ORACLE,GET /executions/{id}/classifications,False,2026-09-17T12:20:22.528024+00:00,2026-09-17T12:20:22.918511+00:00,390.44411,389.954674,200,200,True,695311,fe94a4c7-52c1-48e0-9b70-7e645002f3f2,
V05,ORACLE,GET /executions/{id}/classifications,False,2026-09-17T12:20:22.922837+00:00,2026-09-17T12:20:23.307309+00:00,384.456446,383.850395,200,200,True,694098,1bce7cb5-da66-4e06-afe9-a6336d7f3611,
V05,ORACLE,GET /executions/{id}/classifications,False,2026-09-17T12:20:23.311966+00:00,2026-09-17T12:20:23.719465+00:00,407.47922,406.549887,200,200,True,694538,123e7997-4036-465b-a4e2-15529eaa6e2d,
V05,ORACLE,GET /executions/{id}/classifications,False,2026-09-17T12:20:23.724087+00:00,2026-09-17T12:20:24.111330+00:00,387.227612,386.214146,200,200,True,694205,3f259c4f-5af9-4b4a-98f7-b9943cf38b14,
V05,ORACLE,GET /executions/{id}/classifications,False,2026-09-17T12:20:24.117758+00:00,2026-09-17T12:20:24.511337+00:00,393.548974,392.631829,200,200,True,694590,faa39f6e-307e-492d-ba21-33b0b4879cbb,
V05,ORACLE,GET /executions/{id}/classifications,False,2026-09-17T12:20:24.523269+00:00,2026-09-17T12:20:24.913710+00:00,390.41419,389.479859,200,200,True,694859,592b629a-4d05-4a15-a1a3-6001b4c41d4d,
V05,ORACLE,GET /executions/{id}/classifications,False,2026-09-17T12:20:24.918208+00:00,2026-09-17T12:20:25.337841+00:00,419.604145,418.690876,200,200,True,695196,3040c507-8fba-400a-ab1f-87545bca0888,
V05,ORACLE,GET /executions/{id}/classifications,False,2026-09-17T12:20:25.342357+00:00,2026-09-17T12:20:25.750831+00:00,408.455337,407.392723,200,200,True,693169,0a922c58-88b5-4377-80b2-5d1f086b174f,
V05,ORACLE,GET /executions/{id}/classifications,False,2026-09-17T12:20:25.756108+00:00,2026-09-17T12:20:26.136166+00:00,380.03682,379.081404,200,200,True,693782,9c3546b9-45cc-4a5e-ac69-4be5834eab0f,
V05,ORACLE,GET /executions/{id}/classifications,False,2026-09-17T12:20:26.143131+00:00,2026-09-17T12:20:26.514019+00:00,370.864324,369.730034,200,200,True,695904,3e133398-b346-4b67-b1f4-ae54c6c30a9d,
V05,ORACLE,GET /executions/{id}/classifications,False,2026-09-17T12:20:26.520880+00:00,2026-09-17T12:20:26.907423+00:00,386.527908,385.584179,200,200,True,695149,3a19817b-e9d2-4633-aa05-a8a5f27972b8,
V05,ORACLE,GET /executions/{id}/classifications,False,2026-09-17T12:20:26.913084+00:00,2026-09-17T12:20:27.295020+00:00,381.920704,381.449435,200,200,True,692464,969a8835-a185-4c28-bd30-e7170dcc3b5d,
V05,ORACLE,GET /executions/{id}/classifications,False,2026-09-17T12:20:27.299207+00:00,2026-09-17T12:20:27.686720+00:00,387.50319,386.405939,200,200,True,695020,9570e4ef-f682-44a7-a8a6-00251f11a75f,
V05,ORACLE,GET /executions/{id}/classifications,False,2026-09-17T12:20:27.695882+00:00,2026-09-17T12:20:28.119313+00:00,423.413903,422.529463,200,200,True,696110,b2473083-968a-4817-b865-c2fc1547bb9b,
V05,ORACLE,GET /executions/{id}/classifications,False,2026-09-17T12:20:28.124431+00:00,2026-09-17T12:20:28.535594+00:00,411.142168,410.005051,200,200,True,693627,45a1a812-071b-4243-8f3f-400d1332abbc,
V05,ORACLE,GET /executions/{id}/classifications,False,2026-09-17T12:20:28.541551+00:00,2026-09-17T12:20:28.929829+00:00,388.264669,387.352338,200,200,True,694421,5690e18f-19fb-4f54-90f3-b75fa16c7fd2,
V05,ORACLE,GET /executions/{id}/classifications,False,2026-09-17T12:20:28.935115+00:00,2026-09-17T12:20:29.328651+00:00,393.522074,392.843154,200,200,True,692955,55239461-2ae0-4806-9e97-536073ac4f57,
V05,ORACLE,GET /executions/{id}/classifications,False,2026-09-17T12:20:29.338540+00:00,2026-09-17T12:20:29.754085+00:00,415.52595,414.543864,200,200,True,693683,1509671b-f598-459c-985c-2b7de867e9e9,
V05,ORACLE,GET /executions/{id}/classifications,False,2026-09-17T12:20:29.760505+00:00,2026-09-17T12:20:30.147123+00:00,386.592722,385.762521,200,200,True,694227,819bb7e3-77e9-4972-972b-01a557f93b4b,
V05,ORACLE,GET /executions/{id}/classifications,False,2026-09-17T12:20:30.153028+00:00,2026-09-17T12:20:30.564142+00:00,411.089321,409.845702,200,200,True,692990,19f9d1de-4f86-4170-b285-5d0e2058d0ba,
V05,ORACLE,GET /executions/{id}/classifications,False,2026-09-17T12:20:30.570845+00:00,2026-09-17T12:20:30.960554+00:00,389.686669,388.828209,200,200,True,693926,86d598a1-e3fc-444f-8bf4-95ed3cd8a25b,
V05,ORACLE,GET /executions/{id}/classifications,False,2026-09-17T12:20:30.967232+00:00,2026-09-17T12:20:31.506187+00:00,538.927473,537.935808,200,200,True,694106,c7a12234-97f6-4c3a-8a7d-7cabaf0acc6f,
V05,ORACLE,GET /executions/{id}/classifications,False,2026-09-17T12:20:31.512277+00:00,2026-09-17T12:20:31.930176+00:00,417.870394,417.046289,200,200,True,692932,a46011fa-7be8-4deb-a0e1-bbd47bb04410,
V05,ORACLE,GET /executions/{id}/classifications,False,2026-09-17T12:20:31.934494+00:00,2026-09-17T12:20:32.365855+00:00,431.33333,430.412819,200,200,True,693512,3bef35e0-9398-4179-b189-834b5f4a3914,
V05,ORACLE,GET /executions/{id}/classifications,False,2026-09-17T12:20:32.374847+00:00,2026-09-17T12:20:32.776462+00:00,401.591373,400.353888,200,200,True,693456,8e991a8e-83fb-4e82-9674-9aba53e30875,
V05,ORACLE,GET /executions/{id}/classifications,False,2026-09-17T12:20:32.786018+00:00,2026-09-17T12:20:33.185421+00:00,399.381635,398.44906,200,200,True,695329,575259b8-aff4-417e-ae06-1af3ab32c3b5,
V05,ORACLE,GET /executions/{id}/classifications,False,2026-09-17T12:20:33.190451+00:00,2026-09-17T12:20:33.607390+00:00,416.917554,415.724308,200,200,True,695699,2b3e5eec-4ba7-4633-8c7c-3553318ebafb,
V05,ORACLE,GET /executions/{id}/classifications,False,2026-09-17T12:20:33.616683+00:00,2026-09-17T12:20:33.998102+00:00,381.405534,380.840322,200,200,True,694407,e1a70816-2da6-4103-b9f7-fbfe45f8bfe7,
V05,ORACLE,GET /executions/{id}/classifications,False,2026-09-17T12:20:34.002130+00:00,2026-09-17T12:20:34.417945+00:00,415.805394,414.872104,200,200,True,694737,d8402f87-20c3-4ced-872a-efdecdb417a5,
V05,ORACLE,GET /executions/{id}/classifications,False,2026-09-17T12:20:34.434568+00:00,2026-09-17T12:20:34.815699+00:00,381.111898,380.284831,200,200,True,694930,c26b9dc1-cfc4-48fa-80b7-faeeaaf3e63a,
V05,ORACLE,GET /executions/{id}/classifications,False,2026-09-17T12:20:34.819507+00:00,2026-09-17T12:20:35.206319+00:00,386.804086,386.323331,200,200,True,694510,0c35c26d-1b2c-4ddd-ac7d-7db7a8fa3675,
V05,ORACLE,GET /executions/{id}/classifications,False,2026-09-17T12:20:35.210413+00:00,2026-09-17T12:20:35.620791+00:00,410.367744,409.437127,200,200,True,695133,c2712510-2bb7-48d7-96ed-dd07d41cd176,
V05,ORACLE,GET /executions/{id}/classifications,False,2026-09-17T12:20:35.625082+00:00,2026-09-17T12:20:36.011138+00:00,386.044896,385.223046,200,200,True,694955,37b778cd-5d88-4279-8831-e31e5c8cdc6e,
V05,ORACLE,GET /executions/{id}/classifications,False,2026-09-17T12:20:36.015318+00:00,2026-09-17T12:20:36.422228+00:00,406.89607,406.25372,200,200,True,693333,53c7978f-3a8b-42a8-83f6-95b03441cda0,
V05,ORACLE,GET /executions/{id}/classifications,False,2026-09-17T12:20:36.426522+00:00,2026-09-17T12:20:36.822257+00:00,395.724991,395.09068,200,200,True,694047,1c99c20f-dee5-4aca-938b-282ce59cdadd,
V05,ORACLE,GET /executions/{id}/classifications,False,2026-09-17T12:20:36.826656+00:00,2026-09-17T12:20:37.207530+00:00,380.862974,379.772439,200,200,True,694488,48ab8bde-e33e-439c-8612-4f54bacb6f10,
V05,ORACLE,GET /executions/{id}/classifications,False,2026-09-17T12:20:37.214382+00:00,2026-09-17T12:20:37.610870+00:00,396.47358,395.587182,200,200,True,694286,b38f8c64-2357-44d6-9559-d9485f3e9ffd,
V05,ORACLE,GET /executions/{id}/classifications,False,2026-09-17T12:20:37.619323+00:00,2026-09-17T12:20:38.021044+00:00,401.694075,400.808374,200,200,True,694471,eedf940f-b076-4100-9fcd-fe07ea540348,
V05,ORACLE,GET /executions/{id}/classifications,False,2026-09-17T12:20:38.028108+00:00,2026-09-17T12:20:38.445906+00:00,417.777854,416.870809,200,200,True,694276,0ede4d17-e8cd-4f1d-b4aa-50a88442b18d,
V05,ORACLE,GET /executions/{id}/classifications,False,2026-09-17T12:20:38.452820+00:00,2026-09-17T12:20:38.858703+00:00,405.859622,404.542797,200,200,True,692925,9fa6a944-f911-43e4-929b-2911476219e2,
V05,ORACLE,GET /executions/{id}/classifications,False,2026-09-17T12:20:38.865455+00:00,2026-09-17T12:20:39.290703+00:00,425.227103,424.011064,200,200,True,694217,92fa86fe-8cf5-4304-b1fa-c7eaad614cad,
V05,ORACLE,GET /executions/{id}/classifications,False,2026-09-17T12:20:39.305075+00:00,2026-09-17T12:20:39.712623+00:00,407.525805,406.391154,200,200,True,694822,fd57644a-e706-4ece-9dac-70e239abab81,
V05,ORACLE,GET /executions/{id}/classifications,False,2026-09-17T12:20:39.717820+00:00,2026-09-17T12:20:40.134887+00:00,417.057437,416.233297,200,200,True,694301,861ff66f-50bb-40cb-b3f4-489ae4ecb55b,
V05,ORACLE,GET /executions/{id}/classifications,False,2026-09-17T12:20:40.139892+00:00,2026-09-17T12:20:40.576020+00:00,436.114801,435.205792,200,200,True,696610,a5fdb15a-d7df-4bf5-8e91-dd0a4ae5daa9,
V05,ORACLE,GET /executions/{id}/classifications,False,2026-09-17T12:20:40.581486+00:00,2026-09-17T12:20:40.960928+00:00,379.42686,378.480055,200,200,True,693555,add9d98f-e6a3-4b73-9410-ddf0d3dfe3ee,
V05,ORACLE,GET /executions/{id}/classifications,False,2026-09-17T12:20:40.967329+00:00,2026-09-17T12:20:41.355588+00:00,388.2431,387.348725,200,200,True,694190,e34ab0c4-ca6a-4248-bb61-45b9e6411d43,
V05,ORACLE,GET /executions/{id}/classifications,False,2026-09-17T12:20:41.362731+00:00,2026-09-17T12:20:41.748003+00:00,385.253592,384.337619,200,200,True,693713,f50b2132-e75f-4eee-a5a2-e9cc7453631a,
V05,ORACLE,GET /executions/{id}/classifications,False,2026-09-17T12:20:41.753965+00:00,2026-09-17T12:20:42.169113+00:00,415.127115,414.127467,200,200,True,694641,1610b841-ca68-4303-9005-a65b12f2c8b1,
V05,ORACLE,GET /executions/{id}/classifications,False,2026-09-17T12:20:42.175964+00:00,2026-09-17T12:20:42.592480+00:00,416.497049,415.628709,200,200,True,692507,90ac9cae-8498-42b7-bd17-2754fea0e19b,
V05,ORACLE,GET /executions/{id}/classifications,False,2026-09-17T12:20:42.599092+00:00,2026-09-17T12:20:43.033533+00:00,434.424469,433.119749,200,200,True,694044,4a7ee139-e770-446b-87ed-b8a7e17af7ae,
V05,ORACLE,GET /executions/{id}/classifications,False,2026-09-17T12:20:43.043223+00:00,2026-09-17T12:20:43.476743+00:00,433.494505,432.687859,200,200,True,692070,6198f8e4-a1c7-44c6-9ca5-67e2288bd929,
V05,ORACLE,GET /executions/{id}/classifications,False,2026-09-17T12:20:43.480945+00:00,2026-09-17T12:20:43.887575+00:00,406.610056,405.742155,200,200,True,694345,85e47469-4b76-4fd1-bb1a-e0aa4b53e1f2,
V05,ORACLE,GET /executions/{id}/classifications,False,2026-09-17T12:20:43.894055+00:00,2026-09-17T12:20:44.327630+00:00,433.552157,432.887991,200,200,True,694521,f55729e5-2342-406d-a7de-8fd754993b20,
V05,ORACLE,GET /executions/{id}/classifications,False,2026-09-17T12:20:44.337664+00:00,2026-09-17T12:20:44.754829+00:00,417.146016,416.223875,200,200,True,694720,4b49a8c8-f794-49bc-afd8-ded9f62b29a3,
V05,ORACLE,GET /executions/{id}/classifications,False,2026-09-17T12:20:44.761450+00:00,2026-09-17T12:20:45.197781+00:00,436.313064,435.461861,200,200,True,695251,7ec259cc-c438-425b-949e-bf50c54b352f,
V05,ORACLE,GET /executions/{id}/classifications,False,2026-09-17T12:20:45.203503+00:00,2026-09-17T12:20:45.633998+00:00,430.481608,429.914489,200,200,True,695248,030bfa4d-ee14-4d61-9d7b-bc60ef489635,
V05,ORACLE,GET /executions/{id}/classifications,False,2026-09-17T12:20:45.640979+00:00,2026-09-17T12:20:46.084673+00:00,443.67082,442.829303,200,200,True,694229,2b45a785-ba17-47d0-ac53-9e2302a6c903,
V05,ORACLE,GET /executions/{id}/classifications,False,2026-09-17T12:20:46.089299+00:00,2026-09-17T12:20:46.515571+00:00,426.253785,425.64912,200,200,True,693898,20381b15-9572-434c-a13e-8975d375b85f,
V05,ORACLE,GET /executions/{id}/classifications,False,2026-09-17T12:20:46.519836+00:00,2026-09-17T12:20:46.953795+00:00,433.948118,433.043954,200,200,True,696603,591e9977-f8d3-421d-b465-786dd4b7ce31,
V05,ORACLE,GET /executions/{id}/classifications,False,2026-09-17T12:20:46.960364+00:00,2026-09-17T12:20:47.376977+00:00,416.593947,416.053624,200,200,True,693919,4388764f-d242-400f-8f86-f8f1819a7461,
V05,ORACLE,GET /executions/{id}/classifications,False,2026-09-17T12:20:47.381294+00:00,2026-09-17T12:20:47.838857+00:00,457.553298,457.008051,200,200,True,692719,374c2c4d-5481-4c2b-aa7a-726744805183,
V05,ORACLE,GET /executions/{id}/classifications,False,2026-09-17T12:20:47.843053+00:00,2026-09-17T12:20:48.248494+00:00,405.431527,404.894394,200,200,True,694957,781000d2-5dbe-4766-b6de-5779481afd75,
V05,ORACLE,GET /executions/{id}/classifications,False,2026-09-17T12:20:48.252769+00:00,2026-09-17T12:20:48.650856+00:00,398.068479,397.561315,200,200,True,693514,b86d4065-9848-49cd-b43a-a7842f9b68a2,
V05,ORACLE,GET /executions/{id}/classifications,False,2026-09-17T12:20:48.655046+00:00,2026-09-17T12:20:49.076972+00:00,421.913998,421.408043,200,200,True,694797,acc526df-b400-42e5-9fe6-4faea0f89e07,
V05,ORACLE,GET /executions/{id}/classifications,False,2026-09-17T12:20:49.081000+00:00,2026-09-17T12:20:49.502076+00:00,421.067206,420.52826,200,200,True,692267,a51aab8e-936a-4c90-9d92-0c22fd4a2d36,
V05,ORACLE,GET /executions/{id}/classifications,False,2026-09-17T12:20:49.512631+00:00,2026-09-17T12:20:49.936457+00:00,423.805939,422.914655,200,200,True,693371,6f627b3e-90a6-4ab9-a677-636b004af166,
V05,ORACLE,GET /executions/{id}/classifications,False,2026-09-17T12:20:49.940286+00:00,2026-09-17T12:20:50.352766+00:00,412.471003,411.635069,200,200,True,692749,77adae67-de4c-4b06-8f2a-c5df62374e0b,
V05,ORACLE,GET /executions/{id}/classifications,False,2026-09-17T12:20:50.360577+00:00,2026-09-17T12:20:50.776206+00:00,415.608677,414.72031,200,200,True,696233,df41fd6f-9de6-4fb0-a34d-54e8e40f4b22,
V05,ORACLE,GET /executions/{id}/classifications,False,2026-09-17T12:20:50.784584+00:00,2026-09-17T12:20:51.228454+00:00,443.852931,443.311736,200,200,True,695064,26a3394f-8b2c-42b1-a117-494d8f06505d,
V05,ORACLE,GET /executions/{id}/classifications,False,2026-09-17T12:20:51.232753+00:00,2026-09-17T12:20:51.640589+00:00,407.821529,406.838588,200,200,True,694400,3ca94ece-9ba8-46aa-8f75-f80c4bef88f0,
V05,ORACLE,GET /executions/{id}/classifications,False,2026-09-17T12:20:51.646434+00:00,2026-09-17T12:20:52.096643+00:00,450.189959,449.348721,200,200,True,693480,d341c0b8-4d4f-45d0-a437-0724422dbfdd,
V05,ORACLE,GET /executions/{id}/classifications,False,2026-09-17T12:20:52.102417+00:00,2026-09-17T12:20:52.518922+00:00,416.490535,415.645205,200,200,True,695014,99ac2464-b186-4632-84b5-277351ce20a7,
V05,ORACLE,GET /executions/{id}/classifications,False,2026-09-17T12:20:52.523800+00:00,2026-09-17T12:20:52.927723+00:00,403.908193,403.056117,200,200,True,692413,ed89ee4e-9367-41b5-a843-2e971e3baf76,
V05,ORACLE,GET /executions/{id}/classifications,False,2026-09-17T12:20:52.932037+00:00,2026-09-17T12:20:53.351709+00:00,419.658032,418.795046,200,200,True,694996,8db5904b-f4b8-43f3-827a-d64fc4235b42,
V05,ORACLE,GET /executions/{id}/classifications,False,2026-09-17T12:20:53.358206+00:00,2026-09-17T12:20:53.760067+00:00,401.845125,401.144142,200,200,True,693235,75d3ccbc-0919-44bb-8474-fbd4ec3c9b0d,
V05,ORACLE,GET /executions/{id}/classifications,False,2026-09-17T12:20:53.764095+00:00,2026-09-17T12:20:54.162291+00:00,398.186848,397.276475,200,200,True,692899,0c136831-3fd1-4ab9-86d8-da3498301cb9,
V05,ORACLE,GET /executions/{id}/classifications,False,2026-09-17T12:20:54.170155+00:00,2026-09-17T12:20:54.596682+00:00,426.501841,425.591693,200,200,True,694669,71eb8b09-47f0-4dbf-a20a-3d5c89ae4ba2,
V05,ORACLE,GET /executions/{id}/classifications,False,2026-09-17T12:20:54.606979+00:00,2026-09-17T12:20:55.064853+00:00,457.85638,457.22708,200,200,True,692801,65baddf0-0ca6-4533-b976-95289c5fe12e,
V05,ORACLE,GET /executions/{id}/classifications,False,2026-09-17T12:20:55.069180+00:00,2026-09-17T12:20:55.552542+00:00,483.342627,482.402192,200,200,True,694071,3dad88d0-e5ea-42cf-8dbf-bbd24492f3f0,
V05,ORACLE,GET /executions/{id}/classifications,False,2026-09-17T12:20:55.556982+00:00,2026-09-17T12:20:56.026277+00:00,469.285902,468.696429,200,200,True,694280,0dc2d626-8a4c-48ac-9a2f-2c546e145258,
V05,ORACLE,GET /executions/{id}/classifications,False,2026-09-17T12:20:56.032043+00:00,2026-09-17T12:20:56.529707+00:00,497.648906,496.44746,200,200,True,693271,e8150b41-f3b3-412f-aa8b-23f65dfeb7cf,
V05,ORACLE,GET /executions/{id}/classifications,False,2026-09-17T12:20:56.537451+00:00,2026-09-17T12:20:57.062508+00:00,525.030725,524.032734,200,200,True,695953,d42b8b3f-cc87-43fc-bcbc-b689949a3da9,
V05,ORACLE,GET /executions/{id}/classifications,False,2026-09-17T12:20:57.070099+00:00,2026-09-17T12:20:57.543279+00:00,473.163404,472.538866,200,200,True,695348,18278de2-9b35-431c-92fb-9d97e1ef2d1e,
V05,ORACLE,GET /executions/{id}/classifications,False,2026-09-17T12:20:57.547804+00:00,2026-09-17T12:20:58.002997+00:00,455.182704,454.169471,200,200,True,692387,3b1a3fc1-c6f5-49ad-b3d2-535b8683007f,
V05,ORACLE,GET /executions/{id}/classifications,False,2026-09-17T12:20:58.010422+00:00,2026-09-17T12:20:58.513812+00:00,503.367158,502.387985,200,200,True,694831,cd246a51-d1f9-4c93-b23e-36f3dd0c5fc6,
V05,ORACLE,GET /executions/{id}/classifications,False,2026-09-17T12:20:58.521798+00:00,2026-09-17T12:20:59.036767+00:00,514.948369,513.698029,200,200,True,695028,bc7b4672-60b9-4578-b29e-baa1649740fd,
V05,ORACLE,GET /executions/{id}/classifications,False,2026-09-17T12:20:59.043955+00:00,2026-09-17T12:20:59.546412+00:00,502.435523,501.395271,200,200,True,691615,9ee4c48c-ba59-4b27-a413-82478cbcbf5d,
V05,ORACLE,GET /executions/{id}/classifications,False,2026-09-17T12:20:59.554453+00:00,2026-09-17T12:21:00.040275+00:00,485.806836,484.915324,200,200,True,694302,594d5b16-149a-46a9-ba95-b8974b213fb3,
V05,ORACLE,GET /executions/{id}/classifications,False,2026-09-17T12:21:00.048235+00:00,2026-09-17T12:21:00.542939+00:00,494.685633,493.658032,200,200,True,695281,4c593a29-f0ca-4b03-89a4-c6f214cbd938,
V05,ORACLE,GET /executions/{id}/classifications,False,2026-09-17T12:21:00.556327+00:00,2026-09-17T12:21:01.108383+00:00,552.031835,551.04508,200,200,True,694803,78da8ed3-780f-43fb-a1ca-4e2c3951863d,
V05,ORACLE,GET /executions/{id}/classifications,False,2026-09-17T12:21:01.116277+00:00,2026-09-17T12:21:01.661377+00:00,545.082313,544.155902,200,200,True,693307,0be72cf8-5870-4ded-bf86-1fe16de9535f,
V05,ORACLE,GET /executions/{id}/classifications,False,2026-09-17T12:21:01.669490+00:00,2026-09-17T12:21:02.200202+00:00,530.692649,529.783477,200,200,True,694509,d87aa45e-b4ee-442d-b7a7-402bbf6d7647,
V05,ORACLE,GET /executions/{id}/classifications,False,2026-09-17T12:21:02.207511+00:00,2026-09-17T12:21:02.663975+00:00,456.449937,455.538374,200,200,True,695676,6c391f69-d3cf-4d29-8402-e96a53183199,
V05,ORACLE,GET /executions/{id}/classifications,False,2026-09-17T12:21:02.670934+00:00,2026-09-17T12:21:03.130220+00:00,459.270658,458.338172,200,200,True,693643,0020b8ef-44c4-4a6d-bee1-dcd6b0eeedcd,
V05,ORACLE,GET /executions/{id}/classifications,False,2026-09-17T12:21:03.137918+00:00,2026-09-17T12:21:03.637002+00:00,499.065094,497.876958,200,200,True,694539,bc932350-0c86-41f5-b0a1-ecc19870977e,
V05,ORACLE,GET /executions/{id}/classifications,False,2026-09-17T12:21:03.645420+00:00,2026-09-17T12:21:04.172309+00:00,526.869741,525.799477,200,200,True,694688,b94385df-561a-4c99-939e-50071c4a3f09,
V05,ORACLE,GET /executions/{id}/classifications,False,2026-09-17T12:21:04.178978+00:00,2026-09-17T12:21:04.689526+00:00,510.520562,509.442847,200,200,True,694499,13c5ca88-5172-4b83-8e87-abaf3f8e9b54,
V05,ORACLE,GET /executions/{id}/classifications,False,2026-09-17T12:21:04.696913+00:00,2026-09-17T12:21:05.218136+00:00,521.199234,520.083264,200,200,True,693491,6ef9f245-6b1a-4c1f-b299-ba5e05ff7651,
V05,ORACLE,GET /executions/{id}/classifications,False,2026-09-17T12:21:05.222992+00:00,2026-09-17T12:21:05.808956+00:00,585.938294,584.98246,200,200,True,692251,9ab4b01d-81c0-4013-9a90-e65f21e43007,
V05,ORACLE,GET /executions/{id}/classifications,False,2026-09-17T12:21:05.814992+00:00,2026-09-17T12:21:06.291763+00:00,476.757394,475.883726,200,200,True,691594,09857242-6ad1-422e-af0f-2d02e9187d18,
V05,ORACLE,GET /executions/{id}/classifications,False,2026-09-17T12:21:06.298500+00:00,2026-09-17T12:21:06.732341+00:00,433.824977,432.967177,200,200,True,693167,6c43bee9-e749-43c1-a212-c8d5db0ce99b,
V05,ORACLE,GET /executions/{id}/classifications,False,2026-09-17T12:21:06.745731+00:00,2026-09-17T12:21:07.168334+00:00,422.580306,421.701593,200,200,True,693741,e85d7489-4690-403a-9542-c0d3f517c26e,
V05,ORACLE,GET /executions/{id}/classifications,False,2026-09-17T12:21:07.174886+00:00,2026-09-17T12:21:07.604058+00:00,429.154363,428.574519,200,200,True,693037,45ca6dca-f0fe-4e31-b287-6c1039280601,
V05,ORACLE,GET /executions/{id}/classifications,False,2026-09-17T12:21:07.607974+00:00,2026-09-17T12:21:08.036808+00:00,428.826275,427.905339,200,200,True,694805,d3f0aa98-d0b0-4b8f-b83f-8cf537d2dc8e,
V05,ORACLE,GET /executions/{id}/classifications,False,2026-09-17T12:21:08.042405+00:00,2026-09-17T12:21:08.462160+00:00,419.742318,419.201788,200,200,True,694563,89cabc78-24ab-4c6f-b061-9c9f700cee20,
V05,ORACLE,GET /executions/{id}/classifications,False,2026-09-17T12:21:08.466358+00:00,2026-09-17T12:21:08.896414+00:00,430.044724,429.137681,200,200,True,693934,2ae11d02-f8ee-42ff-b63f-c4aaa66f7da5,
V05,ORACLE,GET /executions/{id}/classifications,False,2026-09-17T12:21:08.903233+00:00,2026-09-17T12:21:09.343436+00:00,440.187561,439.353118,200,200,True,694820,5464e96b-9bde-4b34-891d-cca5f5118e98,
V05,ORACLE,GET /executions/{id}/classifications,False,2026-09-17T12:21:09.348933+00:00,2026-09-17T12:21:09.759071+00:00,410.124552,409.252501,200,200,True,694549,f8540b05-0903-4374-b440-e4cf61560a37,
V05,ORACLE,GET /executions/{id}/classifications,False,2026-09-17T12:21:09.763079+00:00,2026-09-17T12:21:10.229001+00:00,465.904981,465.358967,200,200,True,693245,bdc1bf7c-d0ed-48e3-9677-758a6000e93d,
V05,ORACLE,GET /executions/{id}/classifications,False,2026-09-17T12:21:10.234903+00:00,2026-09-17T12:21:10.655595+00:00,420.680519,419.79419,200,200,True,692303,e38cb694-987e-4aa9-b09c-691a65c4d9ec,
V05,ORACLE,GET /executions/{id}/classifications,False,2026-09-17T12:21:10.662506+00:00,2026-09-17T12:21:11.122952+00:00,460.427472,458.993772,200,200,True,694684,87986285-f4e0-4293-a131-e90bb56676d9,
V05,ORACLE,GET /executions/{id}/classifications,False,2026-09-17T12:21:11.131360+00:00,2026-09-17T12:21:11.621800+00:00,490.399783,489.267773,200,200,True,695090,8d8dc594-633b-49d0-8ba4-79001050d0c4,
V05,ORACLE,GET /executions/{id}/classifications,False,2026-09-17T12:21:11.626584+00:00,2026-09-17T12:21:12.181762+00:00,555.158426,554.197266,200,200,True,694142,f3f3f7a2-16ee-403c-857f-82d0e4b094e2,
V05,ORACLE,GET /executions/{id}/classifications,False,2026-09-17T12:21:12.196696+00:00,2026-09-17T12:21:12.744105+00:00,547.384126,546.134804,200,200,True,692898,bb2e4f39-d0a1-4388-97ce-105bf9802770,
V05,ORACLE,GET /executions/{id}/classifications,False,2026-09-17T12:21:12.751002+00:00,2026-09-17T12:21:13.253080+00:00,502.061529,501.128456,200,200,True,692558,6e2a10b1-b1c2-4d75-8cd0-9782bbc1133b,
V05,ORACLE,GET /executions/{id}/classifications,False,2026-09-17T12:21:13.258741+00:00,2026-09-17T12:21:13.759841+00:00,501.087385,500.20411,200,200,True,695697,19c27faf-125d-4a9d-a097-bb3dc37b4d82,
V05,ORACLE,GET /executions/{id}/classifications,False,2026-09-17T12:21:13.766906+00:00,2026-09-17T12:21:14.248154+00:00,481.230204,480.132333,200,200,True,692787,a9719279-ac18-4305-89cf-a9201ed1948b,
V05,ORACLE,GET /executions/{id}/classifications,False,2026-09-17T12:21:14.255573+00:00,2026-09-17T12:21:14.777807+00:00,522.211343,521.139453,200,200,True,693308,672440a5-f21e-4651-aa94-d61351e1e366,
V05,ORACLE,GET /executions/{id}/classifications,False,2026-09-17T12:21:14.783166+00:00,2026-09-17T12:21:15.286672+00:00,503.491895,502.618168,200,200,True,693396,ffceb4b5-c83d-4079-b254-7ee37f87b0b3,
V05,ORACLE,GET /executions/{id}/classifications,False,2026-09-17T12:21:15.291844+00:00,2026-09-17T12:21:15.780105+00:00,488.245777,487.460155,200,200,True,692491,bc1d5f57-9ff6-42ce-8480-ef86aa947b3e,
V05,ORACLE,GET /executions/{id}/classifications,False,2026-09-17T12:21:15.785007+00:00,2026-09-17T12:21:16.268766+00:00,483.742945,482.791441,200,200,True,694655,6939cb08-80cb-41d8-ba87-fcb74a44fa4e,
V05,ORACLE,GET /executions/{id}/classifications,False,2026-09-17T12:21:16.278435+00:00,2026-09-17T12:21:16.753076+00:00,474.616997,473.73967,200,200,True,694905,88b00fb5-61c2-469f-b6e4-810d7100cef1,
V05,ORACLE,GET /executions/{id}/classifications,False,2026-09-17T12:21:16.759128+00:00,2026-09-17T12:21:17.235336+00:00,476.18749,475.014856,200,200,True,693224,326c8357-a7ec-4c51-9d14-cdb43d67b3fe,
V05,ORACLE,GET /executions/{id}/classifications,False,2026-09-17T12:21:17.246050+00:00,2026-09-17T12:21:17.747602+00:00,501.530795,500.664994,200,200,True,693980,d45c87f4-accf-4cf7-9d35-a4f6b3c165af,
V05,ORACLE,GET /executions/{id}/classifications,False,2026-09-17T12:21:17.752354+00:00,2026-09-17T12:21:18.236573+00:00,484.208821,483.180724,200,200,True,693071,97ac8ea1-1663-48c1-928f-f6dd4c27c642,
V05,ORACLE,GET /executions/{id}/classifications,False,2026-09-17T12:21:18.251515+00:00,2026-09-17T12:21:18.719994+00:00,468.453504,467.570288,200,200,True,694776,e838b2b3-0d76-4348-9b22-88e385245fb7,
V05,ORACLE,GET /executions/{id}/classifications,False,2026-09-17T12:21:18.726008+00:00,2026-09-17T12:21:19.412878+00:00,686.851808,685.833778,200,200,True,694859,3888ba05-74ca-4628-b10f-6957048fc049,
V05,ORACLE,GET /executions/{id}/classifications,False,2026-09-17T12:21:19.420905+00:00,2026-09-17T12:21:19.927445+00:00,506.517196,505.669538,200,200,True,695386,703faf2f-ded4-4d50-bc93-b7c18d86b3a3,
V05,ORACLE,GET /executions/{id}/classifications,False,2026-09-17T12:21:19.933876+00:00,2026-09-17T12:21:20.431098+00:00,497.206895,496.258723,200,200,True,695121,8f4cad5d-bbac-4ce6-877d-f5e12675b38a,
V05,ORACLE,GET /executions/{id}/classifications,False,2026-09-17T12:21:20.438117+00:00,2026-09-17T12:21:20.931474+00:00,493.337089,492.508072,200,200,True,695442,440a56ce-d88a-4128-a866-ab519e362ef0,
V05,ORACLE,GET /executions/{id}/classifications,False,2026-09-17T12:21:20.939239+00:00,2026-09-17T12:21:21.431119+00:00,491.863982,491.171783,200,200,True,554849,4c5d4a33-f615-42f6-b3d1-2222697cbbf0,
V05,ORACLE,GET /executions/{id}/pending-items,False,2026-09-17T12:21:22.457228+00:00,2026-09-17T12:21:22.498915+00:00,41.667164,41.490172,200,200,True,88,01a691b9-def0-455a-9051-2d80669fccae,
V05,ORACLE,GET report (workorder_consolidated),False,2026-09-17T12:21:22.499016+00:00,2026-09-17T12:21:22.603703+00:00,104.674483,101.680738,200,200,True,2271926,e9c06cc0-21f0-4103-ba80-39b240753949,
V05,ORACLE,GET report export (workorder_consolidated/json),False,2026-09-17T12:21:22.658642+00:00,2026-09-17T12:21:22.805274+00:00,146.610554,142.729381,200,200,True,3387229,0a58371e-d096-4178-a180-bf428261cfb5,
V05,ORACLE,GET report export (workorder_consolidated/csv),False,2026-09-17T12:21:22.865050+00:00,2026-09-17T12:21:23.098762+00:00,233.695264,231.13331,200,200,True,1571085,bb9e81dc-5897-4970-afdd-5ce5694cdb6e,
V05,ORACLE,GET report (oqc_summary),False,2026-09-17T12:21:23.276583+00:00,2026-09-17T12:21:24.283404+00:00,1006.793275,920.320422,200,200,True,45335237,14ba7295-e6d6-426d-88f1-68d23dfe1b17,
V05,ORACLE,GET report export (oqc_summary/json),False,2026-09-17T12:21:25.481623+00:00,2026-09-17T12:21:27.217012+00:00,1735.366965,1655.469977,200,200,True,66174603,f76446a3-b46d-4729-8f7b-32a802bf67fd,
V05,ORACLE,GET report export (oqc_summary/csv),False,2026-09-17T12:21:28.249955+00:00,2026-09-17T12:21:32.377652+00:00,4127.669026,4055.477853,200,200,True,34183808,446543a2-750c-4a6d-9c19-ef832ce98329,
